email,subject,body,label
user.209@gmail.com,IRS: Compliance notice,Your grant is ready. Visit http://official-check.xyz,1
piyush@edu.org,Lunch tomorrow?,Attached is the report you requested.,0
sarah@company.in,Holiday schedule,Happy to have you on board!,0
user.401@gmail.com,Government Grant Winner!,Your refund is ready. Visit http://official-check.xyz,1
sarah@company.in,Question about report,Attached is the report you requested.,0
piyush@company.in,Holiday schedule,Attached is the report you requested.,0
user.372@gmail.com,Claim your  refund now,Your tax is ready. Visit http://official-check.xyz,1
sarah@company.in,IRS forms for the year,Happy to have you on board!,0
spam.342@scam.xyz,Get Rich Quick Scheme!!!,Tax compliance notice from the official govt portal.,1
john@gmail.com,Annual Tax Report (Legit),Please review the attached tax compliance document.,0
bot.306@yah00.com,Get Rich Quick!!!,Make money fast from home. Join our scheme today.,1
sarah@gmail.com,Project notes,"Hi, let us meet in the conference room.",0
sarah@edu.org,Meeting update,Happy to have you on board!,0
spam.485@scam.xyz,IRS: Urgent Notice regarding your tax compliance,Tax compliance notice from the official govt portal.,1
spam.447@scam.xyz,You are a winner!,Earn rich rewards daily.,1
spam.112@win.top,Get Rich Quick Scheme!!!,Investment opportunity for you.,1
user.168@gmail.com,Official Lottery Notification,Your refund is ready. Visit http://official-check.xyz,1
spam.131@win.top,Official Government Lottery Winner,You can make money fast with our scheme.,1
piyush@edu.org,Lunch tomorrow?,"Hi, let us meet in the conference room.",0
user.411@gmail.com,Official Lottery Notification,Your tax is ready. Visit http://official-check.xyz,1
bot.205@yah00.com,Get Rich Quick!!!,Make money fast from home. Join our scheme today.,1
bot.268@yah00.com,Earn  daily,Make money fast from home. Join our scheme today.,1
user.329@gmail.com,IRS: Compliance notice,Your refund is ready. Visit http://official-check.xyz,1
team@edu.org,Annual Tax Report (Legit),Please review the attached tax compliance document.,0
spam.93@scam.xyz,Official Notification: Ticket Refund,Work from home and earn  daily. Join us now.,1
bot.445@yah00.com,Earn  daily,Make money fast from home. Join our scheme today.,1
sarah@edu.org,Holiday schedule,Can we reschedule the call?,0
bot.138@yah00.com,Get Rich Quick!!!,Make money fast from home. Join our scheme today.,1
user.129@gmail.com,Your Tax Refund Update,Your tax is ready. Visit http://official-check.xyz,1
piyush@edu.org,Lunch tomorrow?,Your refund has been processed for order #123.,0
bot.392@yah00.com,Earn  daily,Make money fast from home. Join our scheme today.,1
user.522@gmail.com,Claim your  refund now,Your lottery is ready. Visit http://official-check.xyz,1
bot.463@yah00.com,Investment Scheme: Double profit,Make money fast from home. Join our scheme today.,1
user.157@gmail.com,IRS: Compliance notice,Your refund is ready. Visit http://official-check.xyz,1
john@company.in,Lunch tomorrow?,Your refund has been processed for order #123.,0
john@gmail.com,Project notes,Your refund has been processed for order #123.,0
spam.599@win.top,Investment profit guaranteed,Your refund is pending. Click here to claim.,1
bot.453@yah00.com,Investment Scheme: Double profit,Make money fast from home. Join our scheme today.,1
user.251@gmail.com,IRS: Compliance notice,Your grant is ready. Visit http://official-check.xyz,1
bot.73@yah00.com,Earn  daily,Make money fast from home. Join our scheme today.,1
team@edu.org,Meeting update,Please review the attached tax compliance document.,0
user.310@gmail.com,Government Grant Winner!,Your grant is ready. Visit http://official-check.xyz,1
bot.171@yah00.com,Investment Scheme: Double profit,Make money fast from home. Join our scheme today.,1
john@edu.org,Annual Tax Report (Legit),Please review the attached tax compliance document.,0
bot.304@yah00.com,Investment Scheme: Double profit,Make money fast from home. Join our scheme today.,1
user.349@gmail.com,Your Tax Refund Update,Your refund is ready. Visit http://official-check.xyz,1
bot.128@yah00.com,Investment Scheme: Double profit,Make money fast from home. Join our scheme today.,1
user.119@gmail.com,Your Tax Refund Update,Your refund is ready. Visit http://official-check.xyz,1
spam.412@earn.biz,Claim your tax refund now,Earn rich rewards daily.,1
bot.459@yah00.com,Earn  daily,Make money fast from home. Join our scheme today.,1
user.187@gmail.com,Government Grant Winner!,Your lottery is ready. Visit http://official-check.xyz,1
bot.146@yah00.com,Investment Scheme: Double profit,Make money fast from home. Join our scheme today.,1
team@company.in,IRS forms for the year,Your refund has been processed for order #123.,0
spam.80@scam.xyz,Your Tax Refund is Ready!,Your refund is pending. Click here to claim.,1
sarah@gmail.com,Holiday schedule,Happy to have you on board!,0
user.202@gmail.com,Government Grant Winner!,Your grant is ready. Visit http://official-check.xyz,1
spam.441@win.top,Earn  Daily From Home,Work from home and earn  daily. Join us now.,1
sarah@company.in,Question about report,Please review the attached tax compliance document.,0
bot.457@yah00.com,Investment Scheme: Double profit,Make money fast from home. Join our scheme today.,1
user.9@gmail.com,Official Lottery Notification,Your lottery is ready. Visit http://official-check.xyz,1
john@company.in,IRS forms for the year,Can we reschedule the call?,0
team@edu.org,Project notes,Attached is the report you requested.,0
bot.374@yah00.com,Get Rich Quick!!!,Make money fast from home. Join our scheme today.,1
sarah@edu.org,Holiday schedule,Please review the attached tax compliance document.,0
john@edu.org,Lunch tomorrow?,Attached is the report you requested.,0
bot.592@yah00.com,Get Rich Quick!!!,Make money fast from home. Join our scheme today.,1
piyush@company.in,Lunch tomorrow?,Attached is the report you requested.,0
bot.472@yah00.com,Get Rich Quick!!!,Make money fast from home. Join our scheme today.,1
piyush@gmail.com,Refund for cancelled ticket,"Hi, let us meet in the conference room.",0
sarah@edu.org,Meeting update,"Hi, let us meet in the conference room.",0
bot.367@yah00.com,Get Rich Quick!!!,Make money fast from home. Join our scheme today.,1
user.509@gmail.com,Your Tax Refund Update,Your tax is ready. Visit http://official-check.xyz,1
sarah@company.in,IRS forms for the year,Happy to have you on board!,0
bot.498@yah00.com,Earn  daily,Make money fast from home. Join our scheme today.,1
bot.173@yah00.com,Earn  daily,Make money fast from home. Join our scheme today.,1
piyush@edu.org,IRS forms for the year,Please review the attached tax compliance document.,0
user.70@gmail.com,Official Lottery Notification,Your tax is ready. Visit http://official-check.xyz,1
user.492@gmail.com,IRS: Compliance notice,Your grant is ready. Visit http://official-check.xyz,1
spam.78@scam.xyz,Claim your tax refund now,Work from home and earn  daily. Join us now.,1
spam.2@win.top,Fast cash now!,You can make money fast with our scheme.,1
sarah@gmail.com,Annual Tax Report (Legit),"Hi, let us meet in the conference room.",0
piyush@company.in,Lunch tomorrow?,"Hi, let us meet in the conference room.",0
user.535@gmail.com,Government Grant Winner!,Your lottery is ready. Visit http://official-check.xyz,1
team@gmail.com,Annual Tax Report (Legit),Happy to have you on board!,0
bot.360@yah00.com,Earn  daily,Make money fast from home. Join our scheme today.,1
john@edu.org,Project notes,Happy to have you on board!,0
piyush@gmail.com,Question about report,Attached is the report you requested.,0
bot.113@yah00.com,Earn  daily,Make money fast from home. Join our scheme today.,1
sarah@company.in,Refund for cancelled ticket,Please review the attached tax compliance document.,0
bot.240@yah00.com,Earn  daily,Make money fast from home. Join our scheme today.,1
user.504@gmail.com,Government Grant Winner!,Your refund is ready. Visit http://official-check.xyz,1
spam.132@win.top,You are a winner!,Your refund is pending. Click here to claim.,1
team@edu.org,Daily status,Please review the attached tax compliance document.,0
team@gmail.com,Daily status,Can we reschedule the call?,0
piyush@gmail.com,Lottery results for charity marathon,Please review the attached tax compliance document.,0
john@gmail.com,Project notes,Can we reschedule the call?,0
bot.324@yah00.com,Earn  daily,Make money fast from home. Join our scheme today.,1
sarah@gmail.com,Refund for cancelled ticket,Your refund has been processed for order #123.,0
spam.273@win.top,Get Rich Quick Scheme!!!,Click here for quick cash.,1
john@company.in,Project notes,Happy to have you on board!,0
bot.496@yah00.com,Investment Scheme: Double profit,Make money fast from home. Join our scheme today.,1
spam.269@earn.biz,Earn  Daily From Home,Your refund is pending. Click here to claim.,1
piyush@edu.org,Meeting update,"Hi, let us meet in the conference room.",0
user.343@gmail.com,Official Lottery Notification,Your tax is ready. Visit http://official-check.xyz,1
spam.527@earn.biz,Your Tax Refund is Ready!,You can make money fast with our scheme.,1
john@edu.org,Lunch tomorrow?,Can we reschedule the call?,0
team@edu.org,Refund for cancelled ticket,"Hi, let us meet in the conference room.",0
sarah@gmail.com,Lottery results for charity marathon,Please review the attached tax compliance document.,0
bot.301@yah00.com,Get Rich Quick!!!,Make money fast from home. Join our scheme today.,1
team@gmail.com,Project notes,Happy to have you on board!,0
piyush@company.in,IRS forms for the year,Happy to have you on board!,0
spam.125@scam.xyz,Get Rich Quick Scheme!!!,Work from home and earn  daily. Join us now.,1
piyush@gmail.com,IRS forms for the year,Please review the attached tax compliance document.,0
team@gmail.com,Daily status,Attached is the report you requested.,0
spam.540@earn.biz,You are a winner!,Investment opportunity for you.,1
john@gmail.com,Project notes,Your refund has been processed for order #123.,0
john@gmail.com,Question about report,Please review the attached tax compliance document.,0
spam.228@win.top,Official Government Lottery Winner,Click here for quick cash.,1
bot.389@yah00.com,Get Rich Quick!!!,Make money fast from home. Join our scheme today.,1
user.378@gmail.com,Your Tax Refund Update,Your lottery is ready. Visit http://official-check.xyz,1
spam.586@earn.biz,Get Rich Quick Scheme!!!,Investment opportunity for you.,1
piyush@company.in,Project notes,Please review the attached tax compliance document.,0
user.108@gmail.com,Government Grant Winner!,Your tax is ready. Visit http://official-check.xyz,1
team@company.in,Question about report,Happy to have you on board!,0
sarah@company.in,Refund for cancelled ticket,"Hi, let us meet in the conference room.",0
team@edu.org,Annual Tax Report (Legit),Your refund has been processed for order #123.,0
user.430@gmail.com,Government Grant Winner!,Your tax is ready. Visit http://official-check.xyz,1
sarah@company.in,Daily status,Your refund has been processed for order #123.,0
user.518@gmail.com,Government Grant Winner!,Your tax is ready. Visit http://official-check.xyz,1
john@company.in,Holiday schedule,Your refund has been processed for order #123.,0
john@gmail.com,Meeting update,Attached is the report you requested.,0
spam.449@scam.xyz,You are a winner!,Work from home and earn  daily. Join us now.,1
team@gmail.com,Daily status,Your refund has been processed for order #123.,0
user.275@gmail.com,Your Tax Refund Update,Your grant is ready. Visit http://official-check.xyz,1
bot.508@yah00.com,Get Rich Quick!!!,Make money fast from home. Join our scheme today.,1
bot.429@yah00.com,Investment Scheme: Double profit,Make money fast from home. Join our scheme today.,1
user.568@gmail.com,Your Tax Refund Update,Your lottery is ready. Visit http://official-check.xyz,1
spam.133@earn.biz,Get Rich Quick Scheme!!!,Earn rich rewards daily.,1
team@edu.org,IRS forms for the year,Please review the attached tax compliance document.,0
user.528@gmail.com,Official Lottery Notification,Your refund is ready. Visit http://official-check.xyz,1
bot.71@yah00.com,Earn  daily,Make money fast from home. Join our scheme today.,1
spam.328@win.top,Get Rich Quick Scheme!!!,Work from home and earn  daily. Join us now.,1
sarah@company.in,Lottery results for charity marathon,"Hi, let us meet in the conference room.",0
spam.480@win.top,Claim your tax refund now,Tax compliance notice from the official govt portal.,1
piyush@company.in,Lunch tomorrow?,Attached is the report you requested.,0
spam.59@win.top,IRS Official Check,Your refund is pending. Click here to claim.,1
spam.15@earn.biz,"Unclaimed Grant: ,000 waiting for you",Click here for quick cash.,1
user.376@gmail.com,Government Grant Winner!,Your lottery is ready. Visit http://official-check.xyz,1
sarah@company.in,Project notes,"Hi, let us meet in the conference room.",0
sarah@edu.org,Meeting update,Happy to have you on board!,0
team@company.in,Holiday schedule,Attached is the report you requested.,0
team@edu.org,IRS forms for the year,"Hi, let us meet in the conference room.",0
team@gmail.com,Holiday schedule,Attached is the report you requested.,0
bot.314@yah00.com,Get Rich Quick!!!,Make money fast from home. Join our scheme today.,1
bot.136@yah00.com,Get Rich Quick!!!,Make money fast from home. Join our scheme today.,1
bot.395@yah00.com,Investment Scheme: Double profit,Make money fast from home. Join our scheme today.,1
sarah@edu.org,Question about report,Your refund has been processed for order #123.,0
spam.231@scam.xyz,You are a winner!,Work from home and earn  daily. Join us now.,1
bot.302@yah00.com,Earn  daily,Make money fast from home. Join our scheme today.,1
bot.320@yah00.com,Earn  daily,Make money fast from home. Join our scheme today.,1
sarah@company.in,Lunch tomorrow?,"Hi, let us meet in the conference room.",0
user.99@gmail.com,Government Grant Winner!,Your lottery is ready. Visit http://official-check.xyz,1
john@gmail.com,Project notes,Attached is the report you requested.,0
user.266@gmail.com,Claim your  refund now,Your tax is ready. Visit http://official-check.xyz,1
sarah@company.in,Lunch tomorrow?,"Hi, let us meet in the conference room.",0
piyush@edu.org,Daily status,Attached is the report you requested.,0
john@company.in,Lunch tomorrow?,Your refund has been processed for order #123.,0
sarah@company.in,Project notes,Happy to have you on board!,0
bot.363@yah00.com,Earn  daily,Make money fast from home. Join our scheme today.,1
piyush@gmail.com,Annual Tax Report (Legit),Please review the attached tax compliance document.,0
team@company.in,Meeting update,Please review the attached tax compliance document.,0
spam.398@scam.xyz,Official Notification: Ticket Refund,Work from home and earn  daily. Join us now.,1
team@edu.org,Lottery results for charity marathon,Happy to have you on board!,0
john@gmail.com,Refund for cancelled ticket,Please review the attached tax compliance document.,0
bot.207@yah00.com,Get Rich Quick!!!,Make money fast from home. Join our scheme today.,1
sarah@gmail.com,Lunch tomorrow?,Please review the attached tax compliance document.,0
sarah@edu.org,Refund for cancelled ticket,Can we reschedule the call?,0
bot.396@yah00.com,Investment Scheme: Double profit,Make money fast from home. Join our scheme today.,1
user.478@gmail.com,Your Tax Refund Update,Your grant is ready. Visit http://official-check.xyz,1
piyush@edu.org,Refund for cancelled ticket,Can we reschedule the call?,0
user.553@gmail.com,Claim your  refund now,Your lottery is ready. Visit http://official-check.xyz,1
john@company.in,Daily status,"Hi, let us meet in the conference room.",0
user.366@gmail.com,IRS: Compliance notice,Your refund is ready. Visit http://official-check.xyz,1
sarah@edu.org,Refund for cancelled ticket,Attached is the report you requested.,0
user.155@gmail.com,IRS: Compliance notice,Your tax is ready. Visit http://official-check.xyz,1
sarah@edu.org,Refund for cancelled ticket,Can we reschedule the call?,0
user.115@gmail.com,Claim your  refund now,Your grant is ready. Visit http://official-check.xyz,1
sarah@company.in,IRS forms for the year,Happy to have you on board!,0
bot.548@yah00.com,Investment Scheme: Double profit,Make money fast from home. Join our scheme today.,1
user.551@gmail.com,Claim your  refund now,Your tax is ready. Visit http://official-check.xyz,1
team@company.in,Lunch tomorrow?,Can we reschedule the call?,0
spam.7@scam.xyz,Get Rich Quick Scheme!!!,Investment opportunity for you.,1
team@gmail.com,IRS forms for the year,Attached is the report you requested.,0
bot.126@yah00.com,Earn  daily,Make money fast from home. Join our scheme today.,1
team@gmail.com,Lunch tomorrow?,Happy to have you on board!,0
user.287@gmail.com,Claim your  refund now,Your grant is ready. Visit http://official-check.xyz,1
user.544@gmail.com,Your Tax Refund Update,Your refund is ready. Visit http://official-check.xyz,1
bot.198@yah00.com,Investment Scheme: Double profit,Make money fast from home. Join our scheme today.,1
user.319@gmail.com,IRS: Compliance notice,Your lottery is ready. Visit http://official-check.xyz,1
john@gmail.com,Holiday schedule,Happy to have you on board!,0
user.550@gmail.com,Official Lottery Notification,Your refund is ready. Visit http://official-check.xyz,1
spam.465@earn.biz,IRS Official Check,Click here for quick cash.,1
spam.529@scam.xyz,"Unclaimed Grant: ,000 waiting for you",Earn rich rewards daily.,1
piyush@company.in,Meeting update,Please review the attached tax compliance document.,0
bot.448@yah00.com,Investment Scheme: Double profit,Make money fast from home. Join our scheme today.,1
user.188@gmail.com,Your Tax Refund Update,Your lottery is ready. Visit http://official-check.xyz,1
team@edu.org,Lunch tomorrow?,Attached is the report you requested.,0
john@edu.org,Daily status,Attached is the report you requested.,0
user.582@gmail.com,Government Grant Winner!,Your grant is ready. Visit http://official-check.xyz,1
piyush@edu.org,Lunch tomorrow?,Can we reschedule the call?,0
team@company.in,Question about report,Attached is the report you requested.,0
spam.393@earn.biz,IRS: Urgent Notice regarding your tax compliance,Earn rich rewards daily.,1
user.183@gmail.com,Your Tax Refund Update,Your tax is ready. Visit http://official-check.xyz,1
sarah@company.in,Lunch tomorrow?,"Hi, let us meet in the conference room.",0
user.156@gmail.com,Official Lottery Notification,Your lottery is ready. Visit http://official-check.xyz,1
spam.4@scam.xyz,Get Rich Quick Scheme!!!,Click here for quick cash.,1
spam.499@win.top,"Unclaimed Grant: ,000 waiting for you",Earn rich rewards daily.,1
piyush@company.in,Daily status,Your refund has been processed for order #123.,0
spam.270@earn.biz,Claim your tax refund now,Tax compliance notice from the official govt portal.,1
team@company.in,Lottery results for charity marathon,Attached is the report you requested.,0
piyush@edu.org,Lottery results for charity marathon,Happy to have you on board!,0
bot.235@yah00.com,Earn  daily,Make money fast from home. Join our scheme today.,1
bot.96@yah00.com,Investment Scheme: Double profit,Make money fast from home. Join our scheme today.,1
john@company.in,Daily status,Can we reschedule the call?,0
user.134@gmail.com,Claim your  refund now,Your refund is ready. Visit http://official-check.xyz,1
sarah@edu.org,Daily status,Attached is the report you requested.,0
user.293@gmail.com,IRS: Compliance notice,Your grant is ready. Visit http://official-check.xyz,1
bot.474@yah00.com,Earn  daily,Make money fast from home. Join our scheme today.,1
sarah@company.in,Project notes,Can we reschedule the call?,0
bot.512@yah00.com,Get Rich Quick!!!,Make money fast from home. Join our scheme today.,1
team@company.in,Refund for cancelled ticket,Please review the attached tax compliance document.,0
spam.12@earn.biz,Official Notification: Ticket Refund,Click here for quick cash.,1
spam.562@scam.xyz,"Unclaimed Grant: ,000 waiting for you",Tax compliance notice from the official govt portal.,1
user.248@gmail.com,IRS: Compliance notice,Your refund is ready. Visit http://official-check.xyz,1
bot.49@yah00.com,Earn  daily,Make money fast from home. Join our scheme today.,1
team@company.in,Annual Tax Report (Legit),Attached is the report you requested.,0
user.212@gmail.com,Claim your  refund now,Your tax is ready. Visit http://official-check.xyz,1
piyush@edu.org,Daily status,Happy to have you on board!,0
john@edu.org,Holiday schedule,Happy to have you on board!,0
spam.386@scam.xyz,Official Government Lottery Winner,Tax compliance notice from the official govt portal.,1
spam.559@scam.xyz,Your Tax Refund is Ready!,Your refund is pending. Click here to claim.,1
team@edu.org,Question about report,Your refund has been processed for order #123.,0
user.265@gmail.com,Official Lottery Notification,Your lottery is ready. Visit http://official-check.xyz,1
user.33@gmail.com,Claim your  refund now,Your lottery is ready. Visit http://official-check.xyz,1
team@edu.org,Daily status,Can we reschedule the call?,0
sarah@company.in,Annual Tax Report (Legit),"Hi, let us meet in the conference room.",0
team@edu.org,Daily status,Please review the attached tax compliance document.,0
bot.563@yah00.com,Investment Scheme: Double profit,Make money fast from home. Join our scheme today.,1
bot.53@yah00.com,Get Rich Quick!!!,Make money fast from home. Join our scheme today.,1
piyush@edu.org,IRS forms for the year,Please review the attached tax compliance document.,0
spam.151@win.top,Claim your tax refund now,Tax compliance notice from the official govt portal.,1
spam.517@earn.biz,Claim your tax refund now,You can make money fast with our scheme.,1
john@company.in,Question about report,"Hi, let us meet in the conference room.",0
spam.56@win.top,Official Notification: Ticket Refund,You can make money fast with our scheme.,1
team@company.in,Lunch tomorrow?,Happy to have you on board!,0
bot.123@yah00.com,Investment Scheme: Double profit,Make money fast from home. Join our scheme today.,1
bot.243@yah00.com,Investment Scheme: Double profit,Make money fast from home. Join our scheme today.,1
spam.232@earn.biz,Get Rich Quick Scheme!!!,Click here for quick cash.,1
user.354@gmail.com,Government Grant Winner!,Your lottery is ready. Visit http://official-check.xyz,1
user.179@gmail.com,Official Lottery Notification,Your grant is ready. Visit http://official-check.xyz,1
bot.274@yah00.com,Get Rich Quick!!!,Make money fast from home. Join our scheme today.,1
bot.483@yah00.com,Investment Scheme: Double profit,Make money fast from home. Join our scheme today.,1
team@company.in,Daily status,Attached is the report you requested.,0
user.503@gmail.com,Your Tax Refund Update,Your refund is ready. Visit http://official-check.xyz,1
user.402@gmail.com,IRS: Compliance notice,Your refund is ready. Visit http://official-check.xyz,1
user.334@gmail.com,Government Grant Winner!,Your lottery is ready. Visit http://official-check.xyz,1
sarah@edu.org,Project notes,Can we reschedule the call?,0
spam.64@win.top,"Unclaimed Grant: ,000 waiting for you",Earn rich rewards daily.,1
team@gmail.com,Question about report,Can we reschedule the call?,0
user.44@gmail.com,Government Grant Winner!,Your refund is ready. Visit http://official-check.xyz,1
team@company.in,Annual Tax Report (Legit),Please review the attached tax compliance document.,0
user.285@gmail.com,Official Lottery Notification,Your lottery is ready. Visit http://official-check.xyz,1
user.560@gmail.com,IRS: Compliance notice,Your tax is ready. Visit http://official-check.xyz,1
john@gmail.com,Project notes,Your refund has been processed for order #123.,0
spam.344@earn.biz,IRS: Urgent Notice regarding your tax compliance,Investment opportunity for you.,1
bot.488@yah00.com,Get Rich Quick!!!,Make money fast from home. Join our scheme today.,1
spam.317@scam.xyz,Get Rich Quick Scheme!!!,Tax compliance notice from the official govt portal.,1
user.66@gmail.com,Claim your  refund now,Your tax is ready. Visit http://official-check.xyz,1
sarah@edu.org,Annual Tax Report (Legit),Can we reschedule the call?,0
user.494@gmail.com,Government Grant Winner!,Your lottery is ready. Visit http://official-check.xyz,1
user.31@gmail.com,Claim your  refund now,Your lottery is ready. Visit http://official-check.xyz,1
sarah@gmail.com,Holiday schedule,Your refund has been processed for order #123.,0
john@company.in,Question about report,Please review the attached tax compliance document.,0
bot.415@yah00.com,Get Rich Quick!!!,Make money fast from home. Join our scheme today.,1
team@edu.org,Refund for cancelled ticket,Can we reschedule the call?,0
user.190@gmail.com,Government Grant Winner!,Your refund is ready. Visit http://official-check.xyz,1
team@edu.org,Refund for cancelled ticket,Please review the attached tax compliance document.,0
user.355@gmail.com,Claim your  refund now,Your tax is ready. Visit http://official-check.xyz,1
spam.464@scam.xyz,IRS Official Check,Click here for quick cash.,1
piyush@gmail.com,Lunch tomorrow?,Happy to have you on board!,0
john@gmail.com,Holiday schedule,Can we reschedule the call?,0
user.36@gmail.com,IRS: Compliance notice,Your grant is ready. Visit http://official-check.xyz,1
piyush@edu.org,Daily status,Please review the attached tax compliance document.,0
john@edu.org,Meeting update,"Hi, let us meet in the conference room.",0
john@gmail.com,Lunch tomorrow?,Please review the attached tax compliance document.,0
team@company.in,Lunch tomorrow?,Please review the attached tax compliance document.,0
spam.326@win.top,Fast cash now!,Investment opportunity for you.,1
bot.54@yah00.com,Investment Scheme: Double profit,Make money fast from home. Join our scheme today.,1
bot.121@yah00.com,Earn  daily,Make money fast from home. Join our scheme today.,1
sarah@edu.org,Daily status,Please review the attached tax compliance document.,0
john@company.in,Daily status,Your refund has been processed for order #123.,0
john@gmail.com,Meeting update,"Hi, let us meet in the conference room.",0
user.425@gmail.com,Claim your  refund now,Your refund is ready. Visit http://official-check.xyz,1
bot.261@yah00.com,Get Rich Quick!!!,Make money fast from home. Join our scheme today.,1
user.595@gmail.com,IRS: Compliance notice,Your grant is ready. Visit http://official-check.xyz,1
user.524@gmail.com,IRS: Compliance notice,Your lottery is ready. Visit http://official-check.xyz,1
spam.280@win.top,Your Tax Refund is Ready!,Work from home and earn  daily. Join us now.,1
spam.455@scam.xyz,Official Government Lottery Winner,Your refund is pending. Click here to claim.,1
john@gmail.com,Project notes,Happy to have you on board!,0
john@gmail.com,Lunch tomorrow?,Your refund has been processed for order #123.,0
john@gmail.com,Meeting update,Attached is the report you requested.,0
john@gmail.com,Lottery results for charity marathon,Please review the attached tax compliance document.,0
user.153@gmail.com,Claim your  refund now,Your grant is ready. Visit http://official-check.xyz,1
sarah@edu.org,IRS forms for the year,Your refund has been processed for order #123.,0
piyush@company.in,Refund for cancelled ticket,Attached is the report you requested.,0
bot.436@yah00.com,Investment Scheme: Double profit,Make money fast from home. Join our scheme today.,1
bot.502@yah00.com,Investment Scheme: Double profit,Make money fast from home. Join our scheme today.,1
team@gmail.com,IRS forms for the year,Please review the attached tax compliance document.,0
spam.384@scam.xyz,IRS: Urgent Notice regarding your tax compliance,You can make money fast with our scheme.,1
spam.438@earn.biz,Earn  Daily From Home,Investment opportunity for you.,1
bot.267@yah00.com,Earn  daily,Make money fast from home. Join our scheme today.,1
user.260@gmail.com,Government Grant Winner!,Your tax is ready. Visit http://official-check.xyz,1
team@gmail.com,Refund for cancelled ticket,Can we reschedule the call?,0
john@company.in,IRS forms for the year,Attached is the report you requested.,0
user.95@gmail.com,Official Lottery Notification,Your refund is ready. Visit http://official-check.xyz,1
john@company.in,Lottery results for charity marathon,Attached is the report you requested.,0
user.297@gmail.com,Claim your  refund now,Your grant is ready. Visit http://official-check.xyz,1
john@gmail.com,Daily status,Happy to have you on board!,0
sarah@edu.org,Question about report,"Hi, let us meet in the conference room.",0
user.48@gmail.com,IRS: Compliance notice,Your lottery is ready. Visit http://official-check.xyz,1
piyush@company.in,Holiday schedule,Your refund has been processed for order #123.,0
user.537@gmail.com,Government Grant Winner!,Your tax is ready. Visit http://official-check.xyz,1
user.213@gmail.com,Claim your  refund now,Your refund is ready. Visit http://official-check.xyz,1
piyush@edu.org,Daily status,Please review the attached tax compliance document.,0
bot.29@yah00.com,Get Rich Quick!!!,Make money fast from home. Join our scheme today.,1
john@gmail.com,Refund for cancelled ticket,Please review the attached tax compliance document.,0
user.238@gmail.com,Government Grant Winner!,Your lottery is ready. Visit http://official-check.xyz,1
spam.276@earn.biz,Official Notification: Ticket Refund,Work from home and earn  daily. Join us now.,1
piyush@gmail.com,Annual Tax Report (Legit),"Hi, let us meet in the conference room.",0
bot.103@yah00.com,Get Rich Quick!!!,Make money fast from home. Join our scheme today.,1
john@edu.org,Daily status,Can we reschedule the call?,0
user.109@gmail.com,Claim your  refund now,Your tax is ready. Visit http://official-check.xyz,1
spam.532@scam.xyz,Claim your tax refund now,Earn rich rewards daily.,1
bot.221@yah00.com,Earn  daily,Make money fast from home. Join our scheme today.,1
team@company.in,Refund for cancelled ticket,Please review the attached tax compliance document.,0
user.211@gmail.com,IRS: Compliance notice,Your refund is ready. Visit http://official-check.xyz,1
john@company.in,Annual Tax Report (Legit),Attached is the report you requested.,0
bot.481@yah00.com,Get Rich Quick!!!,Make money fast from home. Join our scheme today.,1
user.300@gmail.com,Official Lottery Notification,Your tax is ready. Visit http://official-check.xyz,1
bot.340@yah00.com,Get Rich Quick!!!,Make money fast from home. Join our scheme today.,1
bot.286@yah00.com,Earn  daily,Make money fast from home. Join our scheme today.,1
john@edu.org,Annual Tax Report (Legit),Attached is the report you requested.,0
bot.161@yah00.com,Investment Scheme: Double profit,Make money fast from home. Join our scheme today.,1
spam.51@win.top,Your Tax Refund is Ready!,Click here for quick cash.,1
user.105@gmail.com,Claim your  refund now,Your lottery is ready. Visit http://official-check.xyz,1
piyush@edu.org,Lottery results for charity marathon,Your refund has been processed for order #123.,0
user.61@gmail.com,IRS: Compliance notice,Your tax is ready. Visit http://official-check.xyz,1
spam.144@earn.biz,Get Rich Quick Scheme!!!,Click here for quick cash.,1
john@company.in,Annual Tax Report (Legit),Please review the attached tax compliance document.,0
spam.461@scam.xyz,Earn  Daily From Home,Earn rich rewards daily.,1
user.46@gmail.com,Government Grant Winner!,Your tax is ready. Visit http://official-check.xyz,1
bot.491@yah00.com,Earn  daily,Make money fast from home. Join our scheme today.,1
user.26@gmail.com,Government Grant Winner!,Your lottery is ready. Visit http://official-check.xyz,1
john@company.in,Question about report,Happy to have you on board!,0
team@edu.org,Lunch tomorrow?,Please review the attached tax compliance document.,0
piyush@edu.org,Question about report,"Hi, let us meet in the conference room.",0
team@gmail.com,Project notes,"Hi, let us meet in the conference room.",0
user.245@gmail.com,Your Tax Refund Update,Your refund is ready. Visit http://official-check.xyz,1
user.439@gmail.com,IRS: Compliance notice,Your grant is ready. Visit http://official-check.xyz,1
spam.572@earn.biz,Your Tax Refund is Ready!,Earn rich rewards daily.,1
spam.292@earn.biz,"Unclaimed Grant: ,000 waiting for you",You can make money fast with our scheme.,1
sarah@gmail.com,Project notes,Please review the attached tax compliance document.,0
spam.574@scam.xyz,IRS Official Check,Earn rich rewards daily.,1
john@gmail.com,Refund for cancelled ticket,Can we reschedule the call?,0
piyush@edu.org,Question about report,"Hi, let us meet in the conference room.",0
spam.576@win.top,Your Tax Refund is Ready!,Earn rich rewards daily.,1
bot.571@yah00.com,Investment Scheme: Double profit,Make money fast from home. Join our scheme today.,1
bot.476@yah00.com,Get Rich Quick!!!,Make money fast from home. Join our scheme today.,1
spam.379@win.top,Earn  Daily From Home,Work from home and earn  daily. Join us now.,1
spam.419@win.top,Official Government Lottery Winner,Tax compliance notice from the official govt portal.,1
sarah@edu.org,Refund for cancelled ticket,Attached is the report you requested.,0
spam.596@scam.xyz,Official Government Lottery Winner,Investment opportunity for you.,1
user.227@gmail.com,Government Grant Winner!,Your grant is ready. Visit http://official-check.xyz,1
spam.87@win.top,IRS: Urgent Notice regarding your tax compliance,Investment opportunity for you.,1
sarah@gmail.com,Project notes,Can we reschedule the call?,0
user.397@gmail.com,IRS: Compliance notice,Your tax is ready. Visit http://official-check.xyz,1
bot.312@yah00.com,Investment Scheme: Double profit,Make money fast from home. Join our scheme today.,1
spam.370@earn.biz,Official Government Lottery Winner,Tax compliance notice from the official govt portal.,1
spam.341@scam.xyz,Claim your tax refund now,Tax compliance notice from the official govt portal.,1
bot.37@yah00.com,Earn  daily,Make money fast from home. Join our scheme today.,1
bot.68@yah00.com,Investment Scheme: Double profit,Make money fast from home. Join our scheme today.,1
user.40@gmail.com,Your Tax Refund Update,Your grant is ready. Visit http://official-check.xyz,1
team@gmail.com,Project notes,Your refund has been processed for order #123.,0
spam.259@scam.xyz,IRS Official Check,You can make money fast with our scheme.,1
user.254@gmail.com,Government Grant Winner!,Your tax is ready. Visit http://official-check.xyz,1
sarah@edu.org,Holiday schedule,Can we reschedule the call?,0
sarah@company.in,Meeting update,Please review the attached tax compliance document.,0
bot.149@yah00.com,Get Rich Quick!!!,Make money fast from home. Join our scheme today.,1
piyush@company.in,Lunch tomorrow?,Please review the attached tax compliance document.,0
sarah@company.in,Holiday schedule,Attached is the report you requested.,0
user.25@gmail.com,Official Lottery Notification,Your refund is ready. Visit http://official-check.xyz,1
john@edu.org,Holiday schedule,Your refund has been processed for order #123.,0
bot.246@yah00.com,Investment Scheme: Double profit,Make money fast from home. Join our scheme today.,1
user.406@gmail.com,IRS: Compliance notice,Your lottery is ready. Visit http://official-check.xyz,1
bot.81@yah00.com,Get Rich Quick!!!,Make money fast from home. Join our scheme today.,1
piyush@gmail.com,Lunch tomorrow?,"Hi, let us meet in the conference room.",0
team@edu.org,Holiday schedule,Can we reschedule the call?,0
sarah@gmail.com,Daily status,"Hi, let us meet in the conference room.",0
bot.541@yah00.com,Earn  daily,Make money fast from home. Join our scheme today.,1
spam.296@earn.biz,Investment profit guaranteed,Your refund is pending. Click here to claim.,1
john@edu.org,IRS forms for the year,Can we reschedule the call?,0
spam.177@scam.xyz,Claim your tax refund now,You can make money fast with our scheme.,1
user.475@gmail.com,Claim your  refund now,Your lottery is ready. Visit http://official-check.xyz,1
user.32@gmail.com,Official Lottery Notification,Your grant is ready. Visit http://official-check.xyz,1
user.194@gmail.com,Your Tax Refund Update,Your refund is ready. Visit http://official-check.xyz,1
user.434@gmail.com,IRS: Compliance notice,Your refund is ready. Visit http://official-check.xyz,1
team@edu.org,Annual Tax Report (Legit),Please review the attached tax compliance document.,0
bot.220@yah00.com,Investment Scheme: Double profit,Make money fast from home. Join our scheme today.,1
john@edu.org,Annual Tax Report (Legit),Your refund has been processed for order #123.,0
piyush@edu.org,Annual Tax Report (Legit),Please review the attached tax compliance document.,0
user.215@gmail.com,Your Tax Refund Update,Your lottery is ready. Visit http://official-check.xyz,1
john@edu.org,Lunch tomorrow?,Attached is the report you requested.,0
spam.335@win.top,Official Government Lottery Winner,You can make money fast with our scheme.,1
user.337@gmail.com,Government Grant Winner!,Your tax is ready. Visit http://official-check.xyz,1
bot.521@yah00.com,Investment Scheme: Double profit,Make money fast from home. Join our scheme today.,1
user.383@gmail.com,IRS: Compliance notice,Your lottery is ready. Visit http://official-check.xyz,1
user.584@gmail.com,IRS: Compliance notice,Your grant is ready. Visit http://official-check.xyz,1
sarah@edu.org,Annual Tax Report (Legit),Happy to have you on board!,0
bot.241@yah00.com,Earn  daily,Make money fast from home. Join our scheme today.,1
spam.356@earn.biz,Fast cash now!,Tax compliance notice from the official govt portal.,1
user.501@gmail.com,IRS: Compliance notice,Your tax is ready. Visit http://official-check.xyz,1
bot.84@yah00.com,Get Rich Quick!!!,Make money fast from home. Join our scheme today.,1
bot.178@yah00.com,Earn  daily,Make money fast from home. Join our scheme today.,1
team@edu.org,Meeting update,Can we reschedule the call?,0
piyush@gmail.com,Project notes,Your refund has been processed for order #123.,0
team@gmail.com,Refund for cancelled ticket,Happy to have you on board!,0
team@gmail.com,Lunch tomorrow?,Your refund has been processed for order #123.,0
john@edu.org,Meeting update,Can we reschedule the call?,0
piyush@edu.org,IRS forms for the year,"Hi, let us meet in the conference room.",0
spam.416@earn.biz,IRS: Urgent Notice regarding your tax compliance,Click here for quick cash.,1
spam.362@earn.biz,Investment profit guaranteed,You can make money fast with our scheme.,1
sarah@gmail.com,IRS forms for the year,Attached is the report you requested.,0
spam.587@win.top,Get Rich Quick Scheme!!!,You can make money fast with our scheme.,1
john@edu.org,Project notes,Can we reschedule the call?,0
user.399@gmail.com,Official Lottery Notification,Your tax is ready. Visit http://official-check.xyz,1
spam.365@earn.biz,IRS Official Check,Investment opportunity for you.,1
sarah@edu.org,Project notes,Please review the attached tax compliance document.,0
sarah@edu.org,Lottery results for charity marathon,Please review the attached tax compliance document.,0
user.67@gmail.com,Official Lottery Notification,Your lottery is ready. Visit http://official-check.xyz,1
bot.60@yah00.com,Investment Scheme: Double profit,Make money fast from home. Join our scheme today.,1
john@gmail.com,Lottery results for charity marathon,Your refund has been processed for order #123.,0
user.195@gmail.com,Government Grant Winner!,Your grant is ready. Visit http://official-check.xyz,1
bot.413@yah00.com,Get Rich Quick!!!,Make money fast from home. Join our scheme today.,1
user.139@gmail.com,IRS: Compliance notice,Your lottery is ready. Visit http://official-check.xyz,1
piyush@edu.org,Meeting update,Your refund has been processed for order #123.,0
john@company.in,Holiday schedule,Attached is the report you requested.,0
sarah@edu.org,Holiday schedule,Can we reschedule the call?,0
john@gmail.com,Annual Tax Report (Legit),Please review the attached tax compliance document.,0
john@edu.org,IRS forms for the year,Can we reschedule the call?,0
spam.418@scam.xyz,Claim your tax refund now,Work from home and earn  daily. Join us now.,1
sarah@company.in,Daily status,Attached is the report you requested.,0
user.13@gmail.com,Official Lottery Notification,Your tax is ready. Visit http://official-check.xyz,1
sarah@company.in,IRS forms for the year,Please review the attached tax compliance document.,0
john@gmail.com,Annual Tax Report (Legit),Can we reschedule the call?,0
user.505@gmail.com,Government Grant Winner!,Your grant is ready. Visit http://official-check.xyz,1
team@edu.org,IRS forms for the year,Your refund has been processed for order #123.,0
spam.552@scam.xyz,Investment profit guaranteed,Click here for quick cash.,1
bot.154@yah00.com,Earn  daily,Make money fast from home. Join our scheme today.,1
spam.75@earn.biz,Your Tax Refund is Ready!,Work from home and earn  daily. Join us now.,1
team@gmail.com,Refund for cancelled ticket,Your refund has been processed for order #123.,0
sarah@edu.org,Project notes,Your refund has been processed for order #123.,0
john@edu.org,Lunch tomorrow?,Happy to have you on board!,0
piyush@company.in,Question about report,Happy to have you on board!,0
spam.143@win.top,Fast cash now!,Your refund is pending. Click here to claim.,1
bot.52@yah00.com,Get Rich Quick!!!,Make money fast from home. Join our scheme today.,1
bot.214@yah00.com,Get Rich Quick!!!,Make money fast from home. Join our scheme today.,1
john@edu.org,Lunch tomorrow?,Happy to have you on board!,0
team@gmail.com,Annual Tax Report (Legit),Please review the attached tax compliance document.,0
piyush@gmail.com,Meeting update,Please review the attached tax compliance document.,0
spam.530@earn.biz,Official Notification: Ticket Refund,Click here for quick cash.,1
john@gmail.com,Lottery results for charity marathon,Attached is the report you requested.,0
spam.442@scam.xyz,IRS Official Check,Earn rich rewards daily.,1
john@edu.org,IRS forms for the year,Happy to have you on board!,0
bot.407@yah00.com,Investment Scheme: Double profit,Make money fast from home. Join our scheme today.,1
team@gmail.com,Meeting update,Your refund has been processed for order #123.,0
team@company.in,Daily status,Happy to have you on board!,0
team@company.in,Holiday schedule,Can we reschedule the call?,0
john@gmail.com,Daily status,Happy to have you on board!,0
spam.185@earn.biz,Claim your tax refund now,You can make money fast with our scheme.,1
sarah@gmail.com,Lottery results for charity marathon,Attached is the report you requested.,0
user.252@gmail.com,Claim your  refund now,Your grant is ready. Visit http://official-check.xyz,1
team@edu.org,Refund for cancelled ticket,"Hi, let us meet in the conference room.",0
bot.458@yah00.com,Investment Scheme: Double profit,Make money fast from home. Join our scheme today.,1
team@company.in,Daily status,Attached is the report you requested.,0
user.368@gmail.com,Official Lottery Notification,Your tax is ready. Visit http://official-check.xyz,1
user.106@gmail.com,Government Grant Winner!,Your lottery is ready. Visit http://official-check.xyz,1
john@company.in,IRS forms for the year,"Hi, let us meet in the conference room.",0
user.250@gmail.com,Your Tax Refund Update,Your tax is ready. Visit http://official-check.xyz,1
user.219@gmail.com,Official Lottery Notification,Your refund is ready. Visit http://official-check.xyz,1
bot.152@yah00.com,Investment Scheme: Double profit,Make money fast from home. Join our scheme today.,1
piyush@edu.org,Holiday schedule,Your refund has been processed for order #123.,0
spam.197@scam.xyz,Your Tax Refund is Ready!,Work from home and earn  daily. Join us now.,1
piyush@gmail.com,Daily status,Your refund has been processed for order #123.,0
team@gmail.com,Annual Tax Report (Legit),Happy to have you on board!,0
bot.534@yah00.com,Earn  daily,Make money fast from home. Join our scheme today.,1
piyush@gmail.com,Daily status,"Hi, let us meet in the conference room.",0
user.223@gmail.com,Government Grant Winner!,Your lottery is ready. Visit http://official-check.xyz,1
user.256@gmail.com,IRS: Compliance notice,Your refund is ready. Visit http://official-check.xyz,1
sarah@gmail.com,Refund for cancelled ticket,Attached is the report you requested.,0
spam.432@earn.biz,Get Rich Quick Scheme!!!,Earn rich rewards daily.,1
piyush@edu.org,Refund for cancelled ticket,Happy to have you on board!,0
team@company.in,Annual Tax Report (Legit),Your refund has been processed for order #123.,0
user.346@gmail.com,Claim your  refund now,Your grant is ready. Visit http://official-check.xyz,1
piyush@edu.org,Lunch tomorrow?,Happy to have you on board!,0
user.452@gmail.com,Claim your  refund now,Your tax is ready. Visit http://official-check.xyz,1
john@gmail.com,Refund for cancelled ticket,Can we reschedule the call?,0
user.495@gmail.com,Claim your  refund now,Your refund is ready. Visit http://official-check.xyz,1
team@edu.org,Annual Tax Report (Legit),Happy to have you on board!,0
spam.391@scam.xyz,Earn  Daily From Home,Earn rich rewards daily.,1
team@edu.org,Annual Tax Report (Legit),Please review the attached tax compliance document.,0
john@company.in,Meeting update,Happy to have you on board!,0
user.85@gmail.com,Official Lottery Notification,Your refund is ready. Visit http://official-check.xyz,1
bot.264@yah00.com,Earn  daily,Make money fast from home. Join our scheme today.,1
user.242@gmail.com,IRS: Compliance notice,Your tax is ready. Visit http://official-check.xyz,1
team@company.in,Project notes,Happy to have you on board!,0
sarah@edu.org,Meeting update,Happy to have you on board!,0
john@gmail.com,Annual Tax Report (Legit),Please review the attached tax compliance document.,0
team@company.in,Project notes,Please review the attached tax compliance document.,0
user.570@gmail.com,Government Grant Winner!,Your grant is ready. Visit http://official-check.xyz,1
user.174@gmail.com,Official Lottery Notification,Your tax is ready. Visit http://official-check.xyz,1
john@company.in,Lunch tomorrow?,Attached is the report you requested.,0
user.421@gmail.com,IRS: Compliance notice,Your lottery is ready. Visit http://official-check.xyz,1
user.272@gmail.com,Claim your  refund now,Your refund is ready. Visit http://official-check.xyz,1
spam.513@win.top,Get Rich Quick Scheme!!!,Earn rich rewards daily.,1
team@edu.org,Project notes,Please review the attached tax compliance document.,0
user.271@gmail.com,Your Tax Refund Update,Your refund is ready. Visit http://official-check.xyz,1
bot.233@yah00.com,Investment Scheme: Double profit,Make money fast from home. Join our scheme today.,1
john@edu.org,Annual Tax Report (Legit),Can we reschedule the call?,0
sarah@company.in,Question about report,Your refund has been processed for order #123.,0
user.142@gmail.com,Your Tax Refund Update,Your tax is ready. Visit http://official-check.xyz,1
spam.556@earn.biz,You are a winner!,Work from home and earn  daily. Join us now.,1
user.410@gmail.com,Claim your  refund now,Your tax is ready. Visit http://official-check.xyz,1
user.255@gmail.com,Official Lottery Notification,Your lottery is ready. Visit http://official-check.xyz,1
spam.230@earn.biz,IRS Official Check,Work from home and earn  daily. Join us now.,1
piyush@edu.org,Project notes,Please review the attached tax compliance document.,0
team@edu.org,Lottery results for charity marathon,Attached is the report you requested.,0
piyush@edu.org,Daily status,Can we reschedule the call?,0
bot.226@yah00.com,Get Rich Quick!!!,Make money fast from home. Join our scheme today.,1
john@edu.org,IRS forms for the year,Please review the attached tax compliance document.,0
user.38@gmail.com,Claim your  refund now,Your refund is ready. Visit http://official-check.xyz,1
team@gmail.com,Meeting update,Please review the attached tax compliance document.,0
team@company.in,Holiday schedule,"Hi, let us meet in the conference room.",0
user.236@gmail.com,IRS: Compliance notice,Your grant is ready. Visit http://official-check.xyz,1
bot.83@yah00.com,Get Rich Quick!!!,Make money fast from home. Join our scheme today.,1
user.431@gmail.com,Official Lottery Notification,Your tax is ready. Visit http://official-check.xyz,1
john@gmail.com,Lottery results for charity marathon,Can we reschedule the call?,0
bot.182@yah00.com,Earn  daily,Make money fast from home. Join our scheme today.,1
john@company.in,Refund for cancelled ticket,Please review the attached tax compliance document.,0
user.281@gmail.com,IRS: Compliance notice,Your refund is ready. Visit http://official-check.xyz,1
user.76@gmail.com,IRS: Compliance notice,Your grant is ready. Visit http://official-check.xyz,1
team@gmail.com,Holiday schedule,"Hi, let us meet in the conference room.",0
john@edu.org,Daily status,Your refund has been processed for order #123.,0
bot.279@yah00.com,Get Rich Quick!!!,Make money fast from home. Join our scheme today.,1
john@company.in,IRS forms for the year,Can we reschedule the call?,0
sarah@edu.org,Holiday schedule,Your refund has been processed for order #123.,0
user.484@gmail.com,IRS: Compliance notice,Your grant is ready. Visit http://official-check.xyz,1
spam.72@earn.biz,Get Rich Quick Scheme!!!,You can make money fast with our scheme.,1
user.116@gmail.com,Official Lottery Notification,Your lottery is ready. Visit http://official-check.xyz,1
sarah@company.in,Question about report,Your refund has been processed for order #123.,0
spam.277@win.top,IRS: Urgent Notice regarding your tax compliance,Click here for quick cash.,1
bot.364@yah00.com,Earn  daily,Make money fast from home. Join our scheme today.,1
bot.167@yah00.com,Earn  daily,Make money fast from home. Join our scheme today.,1
user.477@gmail.com,Your Tax Refund Update,Your lottery is ready. Visit http://official-check.xyz,1
sarah@edu.org,IRS forms for the year,"Hi, let us meet in the conference room.",0
bot.469@yah00.com,Investment Scheme: Double profit,Make money fast from home. Join our scheme today.,1
user.82@gmail.com,Official Lottery Notification,Your grant is ready. Visit http://official-check.xyz,1
user.471@gmail.com,Government Grant Winner!,Your refund is ready. Visit http://official-check.xyz,1
john@gmail.com,Annual Tax Report (Legit),Your refund has been processed for order #123.,0
user.428@gmail.com,IRS: Compliance notice,Your refund is ready. Visit http://official-check.xyz,1
spam.239@win.top,IRS Official Check,Click here for quick cash.,1
bot.589@yah00.com,Get Rich Quick!!!,Make money fast from home. Join our scheme today.,1
spam.162@earn.biz,IRS: Urgent Notice regarding your tax compliance,Tax compliance notice from the official govt portal.,1
piyush@company.in,Lottery results for charity marathon,Please review the attached tax compliance document.,0
spam.201@earn.biz,Earn  Daily From Home,Investment opportunity for you.,1
user.444@gmail.com,Claim your  refund now,Your grant is ready. Visit http://official-check.xyz,1
spam.579@scam.xyz,Fast cash now!,You can make money fast with our scheme.,1
sarah@gmail.com,Lottery results for charity marathon,Attached is the report you requested.,0
piyush@gmail.com,Lottery results for charity marathon,Can we reschedule the call?,0
john@gmail.com,Project notes,Attached is the report you requested.,0
sarah@company.in,Holiday schedule,Your refund has been processed for order #123.,0
team@company.in,Annual Tax Report (Legit),Happy to have you on board!,0
user.423@gmail.com,IRS: Compliance notice,Your grant is ready. Visit http://official-check.xyz,1
piyush@company.in,Question about report,Please review the attached tax compliance document.,0
sarah@company.in,IRS forms for the year,Can we reschedule the call?,0
piyush@edu.org,Question about report,"Hi, let us meet in the conference room.",0
user.249@gmail.com,Official Lottery Notification,Your refund is ready. Visit http://official-check.xyz,1
bot.331@yah00.com,Get Rich Quick!!!,Make money fast from home. Join our scheme today.,1
bot.124@yah00.com,Earn  daily,Make money fast from home. Join our scheme today.,1
piyush@gmail.com,Annual Tax Report (Legit),Your refund has been processed for order #123.,0
bot.543@yah00.com,Earn  daily,Make money fast from home. Join our scheme today.,1
user.373@gmail.com,Government Grant Winner!,Your tax is ready. Visit http://official-check.xyz,1
john@edu.org,IRS forms for the year,Happy to have you on board!,0
team@gmail.com,Daily status,Please review the attached tax compliance document.,0
john@company.in,Project notes,"Hi, let us meet in the conference room.",0
bot.94@yah00.com,Investment Scheme: Double profit,Make money fast from home. Join our scheme today.,1
spam.593@earn.biz,Your Tax Refund is Ready!,You can make money fast with our scheme.,1
user.594@gmail.com,Your Tax Refund Update,Your grant is ready. Visit http://official-check.xyz,1
bot.352@yah00.com,Earn  daily,Make money fast from home. Join our scheme today.,1
spam.65@win.top,Fast cash now!,Click here for quick cash.,1
bot.111@yah00.com,Earn  daily,Make money fast from home. Join our scheme today.,1
john@company.in,Meeting update,Please review the attached tax compliance document.,0
john@edu.org,IRS forms for the year,Please review the attached tax compliance document.,0
bot.204@yah00.com,Get Rich Quick!!!,Make money fast from home. Join our scheme today.,1
spam.575@win.top,Official Government Lottery Winner,Work from home and earn  daily. Join us now.,1
john@edu.org,Question about report,Happy to have you on board!,0
piyush@edu.org,Daily status,Attached is the report you requested.,0
john@company.in,Question about report,Please review the attached tax compliance document.,0
john@edu.org,Project notes,Please review the attached tax compliance document.,0
bot.466@yah00.com,Investment Scheme: Double profit,Make money fast from home. Join our scheme today.,1
bot.98@yah00.com,Get Rich Quick!!!,Make money fast from home. Join our scheme today.,1
john@edu.org,Question about report,Your refund has been processed for order #123.,0
piyush@edu.org,IRS forms for the year,Please review the attached tax compliance document.,0
user.69@gmail.com,Government Grant Winner!,Your lottery is ready. Visit http://official-check.xyz,1
user.247@gmail.com,Claim your  refund now,Your refund is ready. Visit http://official-check.xyz,1
user.427@gmail.com,Your Tax Refund Update,Your grant is ready. Visit http://official-check.xyz,1
user.100@gmail.com,Government Grant Winner!,Your grant is ready. Visit http://official-check.xyz,1
john@gmail.com,Project notes,Please review the attached tax compliance document.,0
spam.229@earn.biz,Official Notification: Ticket Refund,Earn rich rewards daily.,1
spam.74@win.top,Claim your tax refund now,Work from home and earn  daily. Join us now.,1
bot.88@yah00.com,Investment Scheme: Double profit,Make money fast from home. Join our scheme today.,1
bot.542@yah00.com,Earn  daily,Make money fast from home. Join our scheme today.,1
user.490@gmail.com,Claim your  refund now,Your grant is ready. Visit http://official-check.xyz,1
john@company.in,Refund for cancelled ticket,Please review the attached tax compliance document.,0
user.467@gmail.com,Your Tax Refund Update,Your lottery is ready. Visit http://official-check.xyz,1
user.369@gmail.com,Official Lottery Notification,Your refund is ready. Visit http://official-check.xyz,1
team@edu.org,Project notes,Happy to have you on board!,0
user.147@gmail.com,Official Lottery Notification,Your lottery is ready. Visit http://official-check.xyz,1
spam.493@win.top,Fast cash now!,Click here for quick cash.,1
user.77@gmail.com,IRS: Compliance notice,Your refund is ready. Visit http://official-check.xyz,1
user.43@gmail.com,Government Grant Winner!,Your grant is ready. Visit http://official-check.xyz,1
john@gmail.com,Annual Tax Report (Legit),"Hi, let us meet in the conference room.",0
user.263@gmail.com,Claim your  refund now,Your grant is ready. Visit http://official-check.xyz,1
user.583@gmail.com,Claim your  refund now,Your grant is ready. Visit http://official-check.xyz,1
bot.224@yah00.com,Get Rich Quick!!!,Make money fast from home. Join our scheme today.,1
john@company.in,Project notes,Can we reschedule the call?,0
user.333@gmail.com,Government Grant Winner!,Your refund is ready. Visit http://official-check.xyz,1
user.196@gmail.com,Claim your  refund now,Your tax is ready. Visit http://official-check.xyz,1
user.257@gmail.com,Your Tax Refund Update,Your tax is ready. Visit http://official-check.xyz,1
team@edu.org,Project notes,Can we reschedule the call?,0
bot.433@yah00.com,Earn  daily,Make money fast from home. Join our scheme today.,1
user.403@gmail.com,Government Grant Winner!,Your refund is ready. Visit http://official-check.xyz,1
john@edu.org,Question about report,Attached is the report you requested.,0
bot.107@yah00.com,Get Rich Quick!!!,Make money fast from home. Join our scheme today.,1
spam.435@scam.xyz,IRS: Urgent Notice regarding your tax compliance,Your refund is pending. Click here to claim.,1
spam.22@win.top,IRS Official Check,You can make money fast with our scheme.,1
bot.487@yah00.com,Get Rich Quick!!!,Make money fast from home. Join our scheme today.,1
team@edu.org,Project notes,Your refund has been processed for order #123.,0
spam.371@scam.xyz,Get Rich Quick Scheme!!!,Work from home and earn  daily. Join us now.,1
piyush@company.in,Meeting update,Your refund has been processed for order #123.,0
sarah@edu.org,Project notes,"Hi, let us meet in the conference room.",0
spam.294@earn.biz,You are a winner!,Tax compliance notice from the official govt portal.,1
bot.225@yah00.com,Investment Scheme: Double profit,Make money fast from home. Join our scheme today.,1
bot.200@yah00.com,Earn  daily,Make money fast from home. Join our scheme today.,1
spam.357@win.top,IRS Official Check,Work from home and earn  daily. Join us now.,1
user.382@gmail.com,Claim your  refund now,Your grant is ready. Visit http://official-check.xyz,1
piyush@edu.org,Annual Tax Report (Legit),Attached is the report you requested.,0
user.172@gmail.com,Your Tax Refund Update,Your grant is ready. Visit http://official-check.xyz,1
spam.11@earn.biz,Official Notification: Ticket Refund,Click here for quick cash.,1
john@gmail.com,Refund for cancelled ticket,Please review the attached tax compliance document.,0
spam.28@win.top,Earn  Daily From Home,Earn rich rewards daily.,1
user.462@gmail.com,IRS: Compliance notice,Your grant is ready. Visit http://official-check.xyz,1
user.417@gmail.com,Your Tax Refund Update,Your grant is ready. Visit http://official-check.xyz,1
bot.114@yah00.com,Investment Scheme: Double profit,Make money fast from home. Join our scheme today.,1
sarah@gmail.com,Lottery results for charity marathon,Happy to have you on board!,0
bot.89@yah00.com,Earn  daily,Make money fast from home. Join our scheme today.,1
sarah@edu.org,Lunch tomorrow?,Can we reschedule the call?,0
user.473@gmail.com,IRS: Compliance notice,Your refund is ready. Visit http://official-check.xyz,1
user.35@gmail.com,Claim your  refund now,Your grant is ready. Visit http://official-check.xyz,1
spam.316@win.top,"Unclaimed Grant: ,000 waiting for you",Investment opportunity for you.,1
spam.565@win.top,Investment profit guaranteed,Investment opportunity for you.,1
spam.387@win.top,"Unclaimed Grant: ,000 waiting for you",Click here for quick cash.,1
user.253@gmail.com,Your Tax Refund Update,Your tax is ready. Visit http://official-check.xyz,1
team@edu.org,Lunch tomorrow?,Your refund has been processed for order #123.,0
piyush@gmail.com,Holiday schedule,Please review the attached tax compliance document.,0
user.578@gmail.com,Claim your  refund now,Your tax is ready. Visit http://official-check.xyz,1
user.359@gmail.com,Claim your  refund now,Your refund is ready. Visit http://official-check.xyz,1
bot.50@yah00.com,Earn  daily,Make money fast from home. Join our scheme today.,1
sarah@edu.org,Daily status,Your refund has been processed for order #123.,0
user.338@gmail.com,Government Grant Winner!,Your refund is ready. Visit http://official-check.xyz,1
user.97@gmail.com,Government Grant Winner!,Your grant is ready. Visit http://official-check.xyz,1
spam.34@earn.biz,IRS: Urgent Notice regarding your tax compliance,Click here for quick cash.,1
bot.45@yah00.com,Investment Scheme: Double profit,Make money fast from home. Join our scheme today.,1
user.323@gmail.com,Official Lottery Notification,Your lottery is ready. Visit http://official-check.xyz,1
spam.102@earn.biz,Fast cash now!,Tax compliance notice from the official govt portal.,1
user.489@gmail.com,Official Lottery Notification,Your lottery is ready. Visit http://official-check.xyz,1
user.468@gmail.com,IRS: Compliance notice,Your grant is ready. Visit http://official-check.xyz,1
user.347@gmail.com,Your Tax Refund Update,Your refund is ready. Visit http://official-check.xyz,1
spam.345@scam.xyz,"Unclaimed Grant: ,000 waiting for you",Your refund is pending. Click here to claim.,1
user.581@gmail.com,Claim your  refund now,Your lottery is ready. Visit http://official-check.xyz,1
john@edu.org,Project notes,Your refund has been processed for order #123.,0
user.92@gmail.com,Your Tax Refund Update,Your tax is ready. Visit http://official-check.xyz,1
team@gmail.com,IRS forms for the year,Can we reschedule the call?,0
bot.598@yah00.com,Earn  daily,Make money fast from home. Join our scheme today.,1
sarah@edu.org,Project notes,Please review the attached tax compliance document.,0
user.284@gmail.com,IRS: Compliance notice,Your refund is ready. Visit http://official-check.xyz,1
user.569@gmail.com,Government Grant Winner!,Your tax is ready. Visit http://official-check.xyz,1
user.39@gmail.com,Government Grant Winner!,Your refund is ready. Visit http://official-check.xyz,1
user.377@gmail.com,Official Lottery Notification,Your refund is ready. Visit http://official-check.xyz,1
bot.443@yah00.com,Investment Scheme: Double profit,Make money fast from home. Join our scheme today.,1
team@gmail.com,Lottery results for charity marathon,Please review the attached tax compliance document.,0
spam.400@scam.xyz,Official Government Lottery Winner,Earn rich rewards daily.,1
john@gmail.com,Lottery results for charity marathon,"Hi, let us meet in the conference room.",0
user.8@gmail.com,Claim your  refund now,Your lottery is ready. Visit http://official-check.xyz,1
bot.558@yah00.com,Investment Scheme: Double profit,Make money fast from home. Join our scheme today.,1
team@edu.org,Daily status,Happy to have you on board!,0
user.408@gmail.com,Your Tax Refund Update,Your tax is ready. Visit http://official-check.xyz,1
team@company.in,Holiday schedule,Attached is the report you requested.,0
spam.385@scam.xyz,Investment profit guaranteed,Your refund is pending. Click here to claim.,1
bot.322@yah00.com,Earn  daily,Make money fast from home. Join our scheme today.,1
spam.145@earn.biz,IRS Official Check,Tax compliance notice from the official govt portal.,1
john@company.in,Project notes,Happy to have you on board!,0
bot.21@yah00.com,Earn  daily,Make money fast from home. Join our scheme today.,1
spam.237@earn.biz,Investment profit guaranteed,Tax compliance notice from the official govt portal.,1
bot.567@yah00.com,Earn  daily,Make money fast from home. Join our scheme today.,1
user.523@gmail.com,Official Lottery Notification,Your lottery is ready. Visit http://official-check.xyz,1
piyush@gmail.com,Holiday schedule,Please review the attached tax compliance document.,0
sarah@gmail.com,Meeting update,Your refund has been processed for order #123.,0
user.298@gmail.com,Government Grant Winner!,Your grant is ready. Visit http://official-check.xyz,1
user.303@gmail.com,Your Tax Refund Update,Your lottery is ready. Visit http://official-check.xyz,1
spam.86@earn.biz,You are a winner!,Click here for quick cash.,1
user.332@gmail.com,Official Lottery Notification,Your tax is ready. Visit http://official-check.xyz,1
bot.381@yah00.com,Investment Scheme: Double profit,Make money fast from home. Join our scheme today.,1
spam.175@earn.biz,"Unclaimed Grant: ,000 waiting for you",Investment opportunity for you.,1
john@company.in,Meeting update,Can we reschedule the call?,0
sarah@gmail.com,Question about report,Happy to have you on board!,0
bot.456@yah00.com,Get Rich Quick!!!,Make money fast from home. Join our scheme today.,1
bot.422@yah00.com,Earn  daily,Make money fast from home. Join our scheme today.,1
team@edu.org,Project notes,Can we reschedule the call?,0
bot.216@yah00.com,Investment Scheme: Double profit,Make money fast from home. Join our scheme today.,1
john@gmail.com,Annual Tax Report (Legit),Please review the attached tax compliance document.,0
piyush@gmail.com,Meeting update,Attached is the report you requested.,0
sarah@edu.org,Lunch tomorrow?,Your refund has been processed for order #123.,0
user.166@gmail.com,Government Grant Winner!,Your tax is ready. Visit http://official-check.xyz,1
john@company.in,Refund for cancelled ticket,Happy to have you on board!,0
bot.516@yah00.com,Investment Scheme: Double profit,Make money fast from home. Join our scheme today.,1
john@edu.org,Meeting update,Attached is the report you requested.,0
team@company.in,Daily status,"Hi, let us meet in the conference room.",0
john@company.in,Holiday schedule,"Hi, let us meet in the conference room.",0
bot.218@yah00.com,Investment Scheme: Double profit,Make money fast from home. Join our scheme today.,1
bot.140@yah00.com,Earn  daily,Make money fast from home. Join our scheme today.,1
team@company.in,Annual Tax Report (Legit),Attached is the report you requested.,0
team@gmail.com,Annual Tax Report (Legit),Attached is the report you requested.,0
user.58@gmail.com,Your Tax Refund Update,Your grant is ready. Visit http://official-check.xyz,1
user.244@gmail.com,Official Lottery Notification,Your tax is ready. Visit http://official-check.xyz,1
bot.176@yah00.com,Investment Scheme: Double profit,Make money fast from home. Join our scheme today.,1
piyush@company.in,Lunch tomorrow?,Please review the attached tax compliance document.,0
john@edu.org,Question about report,Attached is the report you requested.,0
spam.5@earn.biz,Claim your tax refund now,Click here for quick cash.,1
user.486@gmail.com,Your Tax Refund Update,Your grant is ready. Visit http://official-check.xyz,1
team@company.in,IRS forms for the year,Attached is the report you requested.,0
piyush@gmail.com,Project notes,Your refund has been processed for order #123.,0
team@edu.org,Meeting update,Can we reschedule the call?,0
piyush@edu.org,Daily status,Your refund has been processed for order #123.,0
user.148@gmail.com,Official Lottery Notification,Your grant is ready. Visit http://official-check.xyz,1
john@gmail.com,Project notes,Happy to have you on board!,0
user.120@gmail.com,Official Lottery Notification,Your tax is ready. Visit http://official-check.xyz,1
user.514@gmail.com,IRS: Compliance notice,Your lottery is ready. Visit http://official-check.xyz,1
sarah@edu.org,Project notes,"Hi, let us meet in the conference room.",0
user.291@gmail.com,Your Tax Refund Update,Your grant is ready. Visit http://official-check.xyz,1
spam.47@scam.xyz,Earn  Daily From Home,Tax compliance notice from the official govt portal.,1
spam.258@scam.xyz,You are a winner!,Investment opportunity for you.,1
sarah@gmail.com,Project notes,Can we reschedule the call?,0
bot.585@yah00.com,Earn  daily,Make money fast from home. Join our scheme today.,1
team@gmail.com,Annual Tax Report (Legit),Your refund has been processed for order #123.,0
user.577@gmail.com,Government Grant Winner!,Your grant is ready. Visit http://official-check.xyz,1
bot.339@yah00.com,Investment Scheme: Double profit,Make money fast from home. Join our scheme today.,1
spam.511@scam.xyz,Your Tax Refund is Ready!,Click here for quick cash.,1
bot.500@yah00.com,Investment Scheme: Double profit,Make money fast from home. Join our scheme today.,1
bot.321@yah00.com,Earn  daily,Make money fast from home. Join our scheme today.,1
team@company.in,Project notes,Attached is the report you requested.,0
user.315@gmail.com,IRS: Compliance notice,Your lottery is ready. Visit http://official-check.xyz,1
spam.388@scam.xyz,Investment profit guaranteed,Tax compliance notice from the official govt portal.,1
sarah@company.in,Question about report,Can we reschedule the call?,0
bot.394@yah00.com,Earn  daily,Make money fast from home. Join our scheme today.,1
sarah@gmail.com,Refund for cancelled ticket,"Hi, let us meet in the conference room.",0
spam.19@earn.biz,Earn  Daily From Home,Work from home and earn  daily. Join us now.,1
sarah@edu.org,Refund for cancelled ticket,Attached is the report you requested.,0
sarah@gmail.com,Lunch tomorrow?,Can we reschedule the call?,0
bot.110@yah00.com,Get Rich Quick!!!,Make money fast from home. Join our scheme today.,1
user.199@gmail.com,Your Tax Refund Update,Your refund is ready. Visit http://official-check.xyz,1
piyush@edu.org,Meeting update,"Hi, let us meet in the conference room.",0
user.307@gmail.com,Government Grant Winner!,Your lottery is ready. Visit http://official-check.xyz,1
sarah@edu.org,Lunch tomorrow?,Happy to have you on board!,0
sarah@company.in,Project notes,Happy to have you on board!,0
user.160@gmail.com,Claim your  refund now,Your tax is ready. Visit http://official-check.xyz,1
spam.420@win.top,Fast cash now!,Investment opportunity for you.,1
user.539@gmail.com,Your Tax Refund Update,Your grant is ready. Visit http://official-check.xyz,1
user.23@gmail.com,Your Tax Refund Update,Your lottery is ready. Visit http://official-check.xyz,1
spam.405@earn.biz,IRS: Urgent Notice regarding your tax compliance,Your refund is pending. Click here to claim.,1
sarah@company.in,IRS forms for the year,Happy to have you on board!,0
spam.561@win.top,Fast cash now!,Your refund is pending. Click here to claim.,1
user.533@gmail.com,Government Grant Winner!,Your grant is ready. Visit http://official-check.xyz,1
bot.91@yah00.com,Get Rich Quick!!!,Make money fast from home. Join our scheme today.,1
team@edu.org,Holiday schedule,Your refund has been processed for order #123.,0
user.186@gmail.com,IRS: Compliance notice,Your lottery is ready. Visit http://official-check.xyz,1
bot.590@yah00.com,Investment Scheme: Double profit,Make money fast from home. Join our scheme today.,1
bot.547@yah00.com,Get Rich Quick!!!,Make money fast from home. Join our scheme today.,1
bot.27@yah00.com,Earn  daily,Make money fast from home. Join our scheme today.,1
bot.206@yah00.com,Earn  daily,Make money fast from home. Join our scheme today.,1
user.446@gmail.com,Claim your  refund now,Your lottery is ready. Visit http://official-check.xyz,1
user.479@gmail.com,Your Tax Refund Update,Your tax is ready. Visit http://official-check.xyz,1
spam.309@earn.biz,Get Rich Quick Scheme!!!,Click here for quick cash.,1
user.217@gmail.com,Government Grant Winner!,Your grant is ready. Visit http://official-check.xyz,1
spam.278@scam.xyz,You are a winner!,Work from home and earn  daily. Join us now.,1
user.507@gmail.com,Your Tax Refund Update,Your grant is ready. Visit http://official-check.xyz,1
user.42@gmail.com,IRS: Compliance notice,Your grant is ready. Visit http://official-check.xyz,1
john@gmail.com,IRS forms for the year,Please review the attached tax compliance document.,0
sarah@company.in,Refund for cancelled ticket,Your refund has been processed for order #123.,0
team@company.in,IRS forms for the year,"Hi, let us meet in the conference room.",0
spam.318@scam.xyz,"Unclaimed Grant: ,000 waiting for you",Investment opportunity for you.,1
bot.549@yah00.com,Investment Scheme: Double profit,Make money fast from home. Join our scheme today.,1
spam.192@win.top,"Unclaimed Grant: ,000 waiting for you",Earn rich rewards daily.,1
spam.189@scam.xyz,IRS: Urgent Notice regarding your tax compliance,Click here for quick cash.,1
user.234@gmail.com,Government Grant Winner!,Your grant is ready. Visit http://official-check.xyz,1
team@gmail.com,Holiday schedule,Can we reschedule the call?,0
user.350@gmail.com,Claim your  refund now,Your refund is ready. Visit http://official-check.xyz,1
bot.325@yah00.com,Get Rich Quick!!!,Make money fast from home. Join our scheme today.,1
piyush@gmail.com,Question about report,"Hi, let us meet in the conference room.",0
user.117@gmail.com,Your Tax Refund Update,Your tax is ready. Visit http://official-check.xyz,1
user.520@gmail.com,IRS: Compliance notice,Your grant is ready. Visit http://official-check.xyz,1
team@company.in,Holiday schedule,Attached is the report you requested.,0
bot.414@yah00.com,Investment Scheme: Double profit,Make money fast from home. Join our scheme today.,1
team@gmail.com,Meeting update,Can we reschedule the call?,0
user.127@gmail.com,Official Lottery Notification,Your grant is ready. Visit http://official-check.xyz,1
spam.358@win.top,Earn  Daily From Home,You can make money fast with our scheme.,1
spam.305@scam.xyz,Your Tax Refund is Ready!,Work from home and earn  daily. Join us now.,1
bot.450@yah00.com,Earn  daily,Make money fast from home. Join our scheme today.,1
john@edu.org,Daily status,Happy to have you on board!,0
team@company.in,Daily status,Please review the attached tax compliance document.,0
user.141@gmail.com,IRS: Compliance notice,Your refund is ready. Visit http://official-check.xyz,1
spam.295@scam.xyz,Your Tax Refund is Ready!,You can make money fast with our scheme.,1
piyush@gmail.com,IRS forms for the year,Attached is the report you requested.,0
bot.515@yah00.com,Earn  daily,Make money fast from home. Join our scheme today.,1
bot.137@yah00.com,Get Rich Quick!!!,Make money fast from home. Join our scheme today.,1
bot.118@yah00.com,Investment Scheme: Double profit,Make money fast from home. Join our scheme today.,1
bot.10@yah00.com,Get Rich Quick!!!,Make money fast from home. Join our scheme today.,1
user.169@gmail.com,Claim your  refund now,Your lottery is ready. Visit http://official-check.xyz,1
sarah@edu.org,Annual Tax Report (Legit),Can we reschedule the call?,0
user.545@gmail.com,Claim your  refund now,Your grant is ready. Visit http://official-check.xyz,1
sarah@edu.org,Lottery results for charity marathon,Your refund has been processed for order #123.,0
john@company.in,IRS forms for the year,Please review the attached tax compliance document.,0
spam.336@earn.biz,Get Rich Quick Scheme!!!,Your refund is pending. Click here to claim.,1
user.283@gmail.com,Official Lottery Notification,Your refund is ready. Visit http://official-check.xyz,1
sarah@gmail.com,Lottery results for charity marathon,Your refund has been processed for order #123.,0
sarah@company.in,Meeting update,"Hi, let us meet in the conference room.",0
piyush@edu.org,IRS forms for the year,"Hi, let us meet in the conference room.",0
bot.460@yah00.com,Earn  daily,Make money fast from home. Join our scheme today.,1
spam.262@scam.xyz,IRS Official Check,Click here for quick cash.,1
bot.588@yah00.com,Investment Scheme: Double profit,Make money fast from home. Join our scheme today.,1
piyush@edu.org,Holiday schedule,Happy to have you on board!,0
john@edu.org,Lunch tomorrow?,"Hi, let us meet in the conference room.",0
sarah@company.in,Refund for cancelled ticket,Can we reschedule the call?,0
piyush@company.in,Annual Tax Report (Legit),"Hi, let us meet in the conference room.",0
piyush@edu.org,Refund for cancelled ticket,Attached is the report you requested.,0
bot.158@yah00.com,Get Rich Quick!!!,Make money fast from home. Join our scheme today.,1
team@gmail.com,Question about report,Attached is the report you requested.,0
user.163@gmail.com,Your Tax Refund Update,Your grant is ready. Visit http://official-check.xyz,1
team@company.in,Holiday schedule,Your refund has been processed for order #123.,0
user.327@gmail.com,Government Grant Winner!,Your refund is ready. Visit http://official-check.xyz,1
user.538@gmail.com,Claim your  refund now,Your lottery is ready. Visit http://official-check.xyz,1
user.130@gmail.com,IRS: Compliance notice,Your grant is ready. Visit http://official-check.xyz,1
user.454@gmail.com,IRS: Compliance notice,Your refund is ready. Visit http://official-check.xyz,1
spam.6@earn.biz,Official Notification: Ticket Refund,Investment opportunity for you.,1
sarah@edu.org,Lunch tomorrow?,Attached is the report you requested.,0
user.0@gmail.com,Claim your  refund now,Your tax is ready. Visit http://official-check.xyz,1
user.440@gmail.com,IRS: Compliance notice,Your lottery is ready. Visit http://official-check.xyz,1
team@edu.org,Lunch tomorrow?,"Hi, let us meet in the conference room.",0
user.531@gmail.com,Official Lottery Notification,Your lottery is ready. Visit http://official-check.xyz,1
john@company.in,Holiday schedule,Your refund has been processed for order #123.,0
sarah@edu.org,Annual Tax Report (Legit),Your refund has been processed for order #123.,0
spam.90@win.top,Claim your tax refund now,Your refund is pending. Click here to claim.,1
spam.282@scam.xyz,Claim your tax refund now,Tax compliance notice from the official govt portal.,1
sarah@edu.org,IRS forms for the year,"Hi, let us meet in the conference room.",0
piyush@company.in,Holiday schedule,Happy to have you on board!,0
team@gmail.com,Lottery results for charity marathon,Attached is the report you requested.,0
user.557@gmail.com,Your Tax Refund Update,Your tax is ready. Visit http://official-check.xyz,1
user.20@gmail.com,Claim your  refund now,Your lottery is ready. Visit http://official-check.xyz,1
spam.330@win.top,Official Notification: Ticket Refund,Your refund is pending. Click here to claim.,1
spam.519@earn.biz,IRS Official Check,Investment opportunity for you.,1
user.208@gmail.com,IRS: Compliance notice,Your lottery is ready. Visit http://official-check.xyz,1
user.101@gmail.com,IRS: Compliance notice,Your grant is ready. Visit http://official-check.xyz,1
bot.536@yah00.com,Get Rich Quick!!!,Make money fast from home. Join our scheme today.,1
user.426@gmail.com,Claim your  refund now,Your refund is ready. Visit http://official-check.xyz,1
user.554@gmail.com,Government Grant Winner!,Your grant is ready. Visit http://official-check.xyz,1
team@gmail.com,Refund for cancelled ticket,Happy to have you on board!,0
john@edu.org,Daily status,Can we reschedule the call?,0
piyush@gmail.com,Lunch tomorrow?,Please review the attached tax compliance document.,0
user.506@gmail.com,Your Tax Refund Update,Your lottery is ready. Visit http://official-check.xyz,1
sarah@company.in,Annual Tax Report (Legit),Attached is the report you requested.,0
user.150@gmail.com,IRS: Compliance notice,Your refund is ready. Visit http://official-check.xyz,1
john@company.in,Lunch tomorrow?,Happy to have you on board!,0
bot.525@yah00.com,Get Rich Quick!!!,Make money fast from home. Join our scheme today.,1
user.555@gmail.com,IRS: Compliance notice,Your tax is ready. Visit http://official-check.xyz,1
user.290@gmail.com,Official Lottery Notification,Your refund is ready. Visit http://official-check.xyz,1
john@edu.org,Daily status,Please review the attached tax compliance document.,0
spam.3@scam.xyz,Official Government Lottery Winner,Earn rich rewards daily.,1
bot.18@yah00.com,Earn  daily,Make money fast from home. Join our scheme today.,1
bot.497@yah00.com,Get Rich Quick!!!,Make money fast from home. Join our scheme today.,1
bot.289@yah00.com,Investment Scheme: Double profit,Make money fast from home. Join our scheme today.,1
team@company.in,Question about report,Can we reschedule the call?,0
sarah@edu.org,Meeting update,Attached is the report you requested.,0
spam.203@earn.biz,Official Government Lottery Winner,Work from home and earn  daily. Join us now.,1
spam.313@scam.xyz,Fast cash now!,Your refund is pending. Click here to claim.,1
john@company.in,Daily status,Please review the attached tax compliance document.,0
bot.404@yah00.com,Earn  daily,Make money fast from home. Join our scheme today.,1
user.210@gmail.com,Claim your  refund now,Your grant is ready. Visit http://official-check.xyz,1
user.1@gmail.com,Government Grant Winner!,Your lottery is ready. Visit http://official-check.xyz,1
bot.380@yah00.com,Investment Scheme: Double profit,Make money fast from home. Join our scheme today.,1
sarah@company.in,Daily status,Happy to have you on board!,0
john@company.in,Project notes,Happy to have you on board!,0
john@company.in,IRS forms for the year,Happy to have you on board!,0
spam.14@earn.biz,You are a winner!,Your refund is pending. Click here to claim.,1
user.16@gmail.com,Government Grant Winner!,Your refund is ready. Visit http://official-check.xyz,1
user.591@gmail.com,Claim your  refund now,Your grant is ready. Visit http://official-check.xyz,1
john@company.in,Meeting update,Please review the attached tax compliance document.,0
john@company.in,Meeting update,Please review the attached tax compliance document.,0
user.308@gmail.com,Claim your  refund now,Your grant is ready. Visit http://official-check.xyz,1
spam.41@win.top,IRS Official Check,Work from home and earn  daily. Join us now.,1
bot.164@yah00.com,Get Rich Quick!!!,Make money fast from home. Join our scheme today.,1
bot.55@yah00.com,Earn  daily,Make money fast from home. Join our scheme today.,1
john@company.in,Meeting update,Attached is the report you requested.,0
piyush@edu.org,Project notes,Can we reschedule the call?,0
user.62@gmail.com,Government Grant Winner!,Your tax is ready. Visit http://official-check.xyz,1
piyush@edu.org,Lottery results for charity marathon,Attached is the report you requested.,0
user.348@gmail.com,Official Lottery Notification,Your grant is ready. Visit http://official-check.xyz,1
spam.361@scam.xyz,Investment profit guaranteed,Work from home and earn  daily. Join us now.,1
team@edu.org,Refund for cancelled ticket,Your refund has been processed for order #123.,0
spam.566@scam.xyz,IRS Official Check,Your refund is pending. Click here to claim.,1
user.424@gmail.com,Official Lottery Notification,Your lottery is ready. Visit http://official-check.xyz,1
sarah@gmail.com,Refund for cancelled ticket,Your refund has been processed for order #123.,0
bot.57@yah00.com,Get Rich Quick!!!,Make money fast from home. Join our scheme today.,1
user.193@gmail.com,Official Lottery Notification,Your tax is ready. Visit http://official-check.xyz,1
sarah@gmail.com,Question about report,Please review the attached tax compliance document.,0
user.351@gmail.com,Your Tax Refund Update,Your lottery is ready. Visit http://official-check.xyz,1
bot.17@yah00.com,Investment Scheme: Double profit,Make money fast from home. Join our scheme today.,1
user.311@gmail.com,IRS: Compliance notice,Your lottery is ready. Visit http://official-check.xyz,1
piyush@gmail.com,Holiday schedule,Please review the attached tax compliance document.,0
john@edu.org,Project notes,Please review the attached tax compliance document.,0
user.451@gmail.com,Government Grant Winner!,Your tax is ready. Visit http://official-check.xyz,1
user.409@gmail.com,Official Lottery Notification,Your refund is ready. Visit http://official-check.xyz,1
bot.597@yah00.com,Get Rich Quick!!!,Make money fast from home. Join our scheme today.,1
piyush@gmail.com,Daily status,Attached is the report you requested.,0
sarah@company.in,Annual Tax Report (Legit),Happy to have you on board!,0
piyush@edu.org,Annual Tax Report (Legit),Happy to have you on board!,0
user.353@gmail.com,Claim your  refund now,Your tax is ready. Visit http://official-check.xyz,1
piyush@company.in,Holiday schedule,Please review the attached tax compliance document.,0
spam.191@win.top,IRS Official Check,Your refund is pending. Click here to claim.,1
sarah@gmail.com,Question about report,Happy to have you on board!,0
team@gmail.com,Project notes,Your refund has been processed for order #123.,0
bot.580@yah00.com,Investment Scheme: Double profit,Make money fast from home. Join our scheme today.,1
team@gmail.com,IRS forms for the year,Please review the attached tax compliance document.,0
user.470@gmail.com,Claim your  refund now,Your tax is ready. Visit http://official-check.xyz,1
user.30@gmail.com,IRS: Compliance notice,Your refund is ready. Visit http://official-check.xyz,1
user.390@gmail.com,Claim your  refund now,Your refund is ready. Visit http://official-check.xyz,1
sarah@edu.org,Lottery results for charity marathon,Happy to have you on board!,0
sarah@edu.org,Meeting update,Happy to have you on board!,0
bot.159@yah00.com,Investment Scheme: Double profit,Make money fast from home. Join our scheme today.,1
spam.437@earn.biz,Earn  Daily From Home,Your refund is pending. Click here to claim.,1
user.573@gmail.com,Government Grant Winner!,Your grant is ready. Visit http://official-check.xyz,1
user.184@gmail.com,IRS: Compliance notice,Your refund is ready. Visit http://official-check.xyz,1
john@edu.org,Question about report,Can we reschedule the call?,0
user.165@gmail.com,Official Lottery Notification,Your refund is ready. Visit http://official-check.xyz,1
spam.135@scam.xyz,Fast cash now!,Earn rich rewards daily.,1
user.222@gmail.com,Government Grant Winner!,Your refund is ready. Visit http://official-check.xyz,1
user.63@gmail.com,Official Lottery Notification,Your refund is ready. Visit http://official-check.xyz,1
team@edu.org,Daily status,"Hi, let us meet in the conference room.",0
piyush@company.in,Question about report,Can we reschedule the call?,0
user.180@gmail.com,Your Tax Refund Update,Your grant is ready. Visit http://official-check.xyz,1
bot.375@yah00.com,Investment Scheme: Double profit,Make money fast from home. Join our scheme today.,1
bot.510@yah00.com,Earn  daily,Make money fast from home. Join our scheme today.,1
user.170@gmail.com,IRS: Compliance notice,Your refund is ready. Visit http://official-check.xyz,1
sarah@edu.org,Holiday schedule,"Hi, let us meet in the conference room.",0
spam.181@win.top,Official Government Lottery Winner,Work from home and earn  daily. Join us now.,1
piyush@company.in,IRS forms for the year,Happy to have you on board!,0
bot.546@yah00.com,Investment Scheme: Double profit,Make money fast from home. Join our scheme today.,1
spam.104@scam.xyz,Earn  Daily From Home,Work from home and earn  daily. Join us now.,1
user.564@gmail.com,IRS: Compliance notice,Your refund is ready. Visit http://official-check.xyz,1
spam.288@scam.xyz,Get Rich Quick Scheme!!!,Tax compliance notice from the official govt portal.,1
spam.122@scam.xyz,Earn  Daily From Home,Work from home and earn  daily. Join us now.,1
piyush@gmail.com,Annual Tax Report (Legit),Your refund has been processed for order #123.,0
user.79@gmail.com,Government Grant Winner!,Your tax is ready. Visit http://official-check.xyz,1
team@edu.org,IRS forms for the year,"Hi, let us meet in the conference room.",0
user.24@gmail.com,Official Lottery Notification,Your refund is ready. Visit http://official-check.xyz,1
team@company.in,Daily status,Happy to have you on board!,0
team@gmail.com,Meeting update,Attached is the report you requested.,0
sarah@company.in,Lottery results for charity marathon,Attached is the report you requested.,0
bot.526@yah00.com,Investment Scheme: Double profit,Make money fast from home. Join our scheme today.,1
user.482@gmail.com,Official Lottery Notification,Your lottery is ready. Visit http://official-check.xyz,1
sarah@gmail.com,Meeting update,Attached is the report you requested.,0
spam.299@scam.xyz,Your Tax Refund is Ready!,You can make money fast with our scheme.,1
